"filename", "language", "Python", "comment", "blank", "total"
"d:\Software\Coding\PortableGit\bin\DeepVibration\python\data\coincident\process\fft.py", "Python", 291, 40, 61, 392
"d:\Software\Coding\PortableGit\bin\DeepVibration\python\data\coincident\process\hilbert.py", "Python", 536, 80, 103, 719
"d:\Software\Coding\PortableGit\bin\DeepVibration\python\data\coincident\process\lomb.py", "Python", 360, 56, 83, 499
"d:\Software\Coding\PortableGit\bin\DeepVibration\python\data\coincident\process\wavelet.py", "Python", 288, 28, 63, 379
"d:\Software\Coding\PortableGit\bin\DeepVibration\python\data\coincident\randomtrigger&inhibit.py", "Python", 507, 81, 118, 706
"d:\Software\Coding\PortableGit\bin\DeepVibration\python\data\compressor\select.py", "Python", 332, 70, 74, 476
"d:\Software\Coding\PortableGit\bin\DeepVibration\python\data\inhibit\select.py", "Python", 221, 31, 56, 308
"d:\Software\Coding\PortableGit\bin\DeepVibration\python\data\physical\cut\overthreshold.py", "Python", 332, 59, 79, 470
"d:\Software\Coding\PortableGit\bin\DeepVibration\python\data\physical\select.py", "Python", 241, 40, 61, 342
"d:\Software\Coding\PortableGit\bin\DeepVibration\python\data\physical\wavelet.py", "Python", 340, 53, 74, 467
"d:\Software\Coding\PortableGit\bin\DeepVibration\python\data\preprocessor.py", "Python", 215, 53, 51, 319
"d:\Software\Coding\PortableGit\bin\DeepVibration\python\data\randomtrigger\distribution.py", "Python", 149, 19, 32, 200
"d:\Software\Coding\PortableGit\bin\DeepVibration\python\data\sensor\vibration\preprocess.py", "Python", 460, 98, 107, 665
"d:\Software\Coding\PortableGit\bin\DeepVibration\python\data\sensor\vibration\temperature\select.py", "Python", 288, 53, 67, 408
"d:\Software\Coding\PortableGit\bin\DeepVibration\python\data\temperature\countrate\inhibit\unite.py", "Python", 505, 83, 140, 728
"d:\Software\Coding\PortableGit\bin\DeepVibration\python\data\temperature\countrate\physics\unite.py", "Python", 401, 51, 92, 544
"d:\Software\Coding\PortableGit\bin\DeepVibration\python\data\temperature\countrate\randomtrigger\unite.py", "Python", 350, 46, 82, 478
"d:\Software\Coding\PortableGit\bin\DeepVibration\python\data\temperature\countrate\unite.py", "Python", 386, 60, 98, 544
"d:\Software\Coding\PortableGit\bin\DeepVibration\python\data\temperature\power\unite.py", "Python", 326, 54, 60, 440
"d:\Software\Coding\PortableGit\bin\DeepVibration\python\data\temperature\unite.py", "Python", 274, 47, 52, 373
"d:\Software\Coding\PortableGit\bin\DeepVibration\python\data\wavelet\wavelet.py", "Python", 632, 102, 142, 876
"d:\Software\Coding\PortableGit\bin\DeepVibration\python\utils\__init__.py", "Python", 0, 1, 2, 3
"d:\Software\Coding\PortableGit\bin\DeepVibration\python\utils\save.py", "Python", 97, 25, 16, 138
"d:\Software\Coding\PortableGit\bin\DeepVibration\python\utils\time.py", "Python", 205, 46, 61, 312
"d:\Software\Coding\PortableGit\bin\DeepVibration\python\utils\visualize.py", "Python", 310, 37, 72, 419
"Total", "-", 8046, 1313, 1846, 11205